metric,value
logloss,0.23623854024944926
roc_auc,0.9848019297313596
accuracy,0.9399249061326659
f1,0.9319845638726519
