portfolio,benchmark,portfolio_marketvalue_ror,benchmark_marketvalue_ror,portfolio_weighted_return,benchmark_weighted_return,portfolio_weighted_return_cumsum,benchmark_weighted_return_cumsum,portfolio_std,benchmark_std,portfolio_return_stdAdj,benchmark_return_stdAdj,portfolio_return_stdAdj_cumsum,benchmark_return_stdAdj_cumsum,portfolio_beta,portfolio_return_betaAdj,portfolio_return_betaAdj_cumsum
10505.68006629944,4431.85009765625,0.02457155343326889,0.024347646888076113,0.024373685223678478,0.024347646888076113,0.3254888213339553,0.28928443358399325,0.011626446647494744,0.010651058295872009,2.0964002126075636,2.2859368723493363,18.306068239908413,30.1732199923169,1.0190504706194887,0.023918035393145468,0.3416210585316561
