metric,value
logloss,0.15918331248678821
roc_auc,0.9910477120335406
accuracy,0.967459324155194
f1,0.9626388409300184
