metric,value
logloss,0.1472659793039708
roc_auc,0.9900641807974501
accuracy,0.9574468085106383
f1,0.9508353964875702
