metric,value
logloss,0.17465951948810113
roc_auc,0.9784556405875343
accuracy,0.9311639549436797
f1,0.9221408993705009
