metric,value
logloss,0.17231512251443923
roc_auc,0.9788576679541114
accuracy,0.9299123904881101
f1,0.9206486578514272
