,logloss,accuracy
fold_0,0.3759264647960663,0.9270833134651184
fold_1,0.4412759244441986,0.9192708134651184
fold_2,0.5746110081672668,0.9192708134651184
fold_3,0.5548874735832214,0.921875
fold_4,0.402497798204422,0.9375
average,0.46983973383903505,0.924999988079071
std,0.0804744276953299,0.006870268942278318
