metric,value
logloss,0.09685890910108622
roc_auc,0.9936824270966444
accuracy,0.9599499374217773
f1,0.9545680697115726
