month,내부온도관측치,외부온도관측치,내부습도관측치,외부습도관측치,CO2관측치,EC관측치,최근분무량,화이트 LED동작강도,레드 LED동작강도,블루 LED동작강도,냉방온도,냉방부하,난방온도,난방부하,총추정광량,백색광추정광량,적색광추정광량,청색광추정광량,target
1,23.565,24.108,67.22,20.767,673.4,0.66874415,584.076,0.0,0.0,0.0,16.0,47.899998,14.0,0.0,0.0,0.0,0.0,0.0,0.5041
2,24.786901,21.577734,57.75853,17.776533,587.75336,2.5408492,578.09015,54.666668,20.0,54.666668,20.266666,29.533995,18.813334,1.8136693,287.8755,169.14413,33.096,85.63533,73.61833
3,28.859146,26.837805,42.00549,21.238415,474.54877,1.6785964,745.59326,95.04878,2.7439024,8.158537,23.609756,27.111324,22.560976,0.059263963,235.94554,218.62459,4.54061,12.780347,43.92772
4,28.145666,26.556192,53.64969,22.504799,447.26007,1.6872079,748.07764,79.318886,11.26935,6.9349847,25.876162,12.027089,24.876162,0.2795667,274.93274,245.42056,18.648521,10.863653,81.90384
5,21.621552,19.905172,79.09785,60.378017,544.2931,1.0484865,11249.669,0.0,0.0,0.0,22.146551,8.956897,19.01724,5.5125,0.0,0.0,0.0,0.0,120.780334
6,27.122972,26.453693,65.15252,50.222073,493.9126,1.032803,5447.5615,69.61442,8.216216,7.7063065,24.18018,22.719368,22.580181,1.0960362,241.06186,215.39954,13.5917225,12.070518,82.71904
7,24.88092,24.209211,81.36184,52.042763,450.1908,0.20231402,4951.9434,51.644737,8.302631,14.309211,22.763159,19.957237,20.894737,0.0046052807,196.00703,159.87541,13.68476,22.446297,42.999435
9,24.136538,26.248077,76.27116,56.19808,487.19232,1.5114714,85.64692,0.0,0.0,0.0,16.0,50.68269,14.0,0.0,0.0,0.0,0.0,0.0,64.37166
10,22.457142,25.160713,83.69643,58.857143,553.9643,0.63791764,103.40714,0.0,0.0,0.0,16.0,42.25,14.0,0.0,0.0,0.0,0.0,0.0,330.21985
