,time_gap_1,time_gap_2,time_gap_3,time_gap_4,time_gap_5,avg,std
Linear,8377.335846212203,7105.567117465486,5556.679657427916,5147.472873422706,4506.465405656713,6138.704180037004,1575.7372196289805
ElasticNet,28.9878125862178,23.77865082412688,20.08730249444653,20.165720443462508,16.062717141245514,21.816440697899846,4.8502312932342555
KNN,1162.8434581222202,1533.639001614886,1332.0622780169574,930.028658999509,1024.2933220242073,1196.573343755556,241.78228277715343
XGB_GBT,3.487124329555866,3.186118537246404,2.6381627678310435,2.008842878560601,2.170483765539907,2.6981464557467647,0.6359575883377308
LGB_RF,4.093047898085963,4.87026055990537,3.9958189636577823,2.909458810951349,3.060186303277039,3.7857545071755014,0.8076281706502658
LGB_GOSS,10.768316747368797,10.953198412423943,7.644323428305773,5.19521642885975,5.317449345489485,7.97570087248955,2.8094216912703853
ARIMA,1206.4692439440955,931.0972165722774,616.2603212906002,408.19266234019807,408.84492603227693,714.1728740358897,348.51391649982116
MLP_LSTM_V1,1.3112039727187172,2.609480143766455,0.27228513642039104,1.231388797121268,1.323796601308488,1.3496309302670637,0.831266991697641
best_model,-140.62476619816618,-143.03915848738447,-99.82815513959798,-67.84496711947,-69.44122173623511,-104.15565373617076,36.68858167489266
