,time_gap_1,time_gap_2,time_gap_3,time_gap_4,time_gap_5,avg,std
Linear,11600.361575077313,6476.480946490145,3497.962743220838,2752.054403796636,2740.01123257118,5413.3741802312215,3785.0793385292313
ElasticNet,38.879153312207414,27.985514338963153,15.605263683913389,12.556462023969814,13.380923894526514,21.68146345071606,11.451925664945314
KNN,1086.807882280431,1053.8172864217088,709.477011460921,647.8368008849018,703.4549266335595,840.2787815363045,211.68318120763473
XGB_GBT,3.4701612385822083,2.767815208940922,1.5972490471150396,1.2731971286660746,1.3644797420702397,2.0945804730748967,0.9747465920873101
LGB_RF,4.901717365826891,4.777345329860651,3.2512834208496226,2.737308174092028,3.1142275314999712,3.756376364425833,1.0074916401266272
LGB_GOSS,10.465384229826615,5.477963687731165,5.19790766786664,4.164802784778625,3.2396253364615246,5.709136741332914,2.8026835473447527
ARIMA,1179.3878644706629,604.1782827670424,366.60718334083094,295.45166957648127,254.20801910567837,539.9666038521393,382.2570139187111
MLP_LSTM_V1,0.2593741084788734,0.2518785327095551,1.071259884884702,1.1617691857253687,1.825369792719194,0.9139303009035388,0.6677677386031857
best_model,-132.71969666122206,-69.47032836929243,-65.9187196382306,-52.817111164851106,-49.390819052872004,-74.06333497729364,33.8678841347061
