,time_gap_1,time_gap_2,time_gap_3,time_gap_4,time_gap_5,avg,std,running_time
Linear,1.4166499361135523,2.616550513635003,4.929695549454389,6.292928721708224,6.321027560980289,4.315370456378291,2.2135583506237384,0.0056738567352294916
ElasticNet,1.8288861722928615,2.5797242425507463,4.705651652761096,5.872499345055271,5.504505474023902,4.098253377336776,1.7993321415815335,1.333439588546753
KNN,3.972452503058678,4.099943896883172,6.138360664319609,6.731926612522255,6.191765560186914,5.426889847394125,1.2913675001590321,0.022583899497985845
XGB_GBT,2.418488626128682,3.057566871505855,5.371633635335303,6.764264310239475,6.305050467764309,4.783400782194725,1.9465718690198923,11.442211527824401
LGB_RF,3.041736483932917,3.1235275490530827,4.636561624677313,5.525930038825126,4.84501577883377,4.2345542950644415,1.102170493697206,6.493536853790284
LGB_GOSS,0.6534752001826895,1.3394778656926998,1.4170349266311133,1.7933447476496795,2.334049205878292,1.5074763892068948,0.6186001399388404,12.6816428232193
ARIMA,2.428571494565672,4.8359048813859085,8.034501097226757,9.993584982653921,11.631205591502074,7.384753609466867,3.7523625345244986,0.03352266788482666
MLP_LSTM_V1,14.148933276133363,14.572962898087589,3.3499605720509336,3.0811864272889196,1.9246880276059155,7.415546240233344,6.3645954292855835,27.057699260711672
best_model,0.6534752001826895,1.3394778656926998,1.4170349266311133,1.7933447476496795,1.9246880276059155,1.4256041535524195,0.49698897060941166,-1.0
