,time_gap_1,time_gap_2,time_gap_3,time_gap_4,time_gap_5,avg,std,running_time
Linear,2.2790600154510074,2.7048689736164033,3.4867075261547824,3.771838713445365,4.3225757780611485,3.3130102013457416,0.8214021179705445,0.0050075149536132815
ElasticNet,2.413017133546904,2.963540914579487,3.5265133017911023,3.5124109672872135,4.435152368845322,3.3701269372100056,0.7517233500993601,1.3727325820922853
KNN,3.0683143437981517,2.3022951972928722,2.665826845157141,3.8614409430391774,3.496873599331545,3.0789501857237775,0.6246856712848892,0.027132539749145514
XGB_GBT,2.261279238804461,2.484359052010184,3.0211395987063403,3.998914041704528,3.693658544348508,3.091870095114804,0.7498052580301715,12.144646043777467
LGB_RF,3.4269216560932674,2.8640835625983225,3.5127410682219176,4.861699136914781,4.6173138627957355,3.856551857324805,0.8480656176243638,6.927184157371521
LGB_GOSS,0.6111194045939269,0.5991162494766762,0.9017314240672925,1.3739634236082048,1.3400812299910703,0.965202346347434,0.3778366424869549,13.05898178577423
ARIMA,2.03266937602926,2.663406402559056,4.075183637155568,6.203396035905085,6.193339713546103,4.233599033039015,1.9400628505866824,0.03885513782501221
MLP_LSTM_V1,2.4176450333010004,1.1650589342270414,12.023857412705254,2.5808317383406565,2.3936959093994106,4.116217805594673,4.456729304129968,30.292498984336852
best_model,0.6111194045939269,0.5991162494766762,0.9017314240672925,1.3739634236082048,1.3400812299910703,0.965202346347434,0.3778366424869549,-1.0
