,time_gap_1,time_gap_2,time_gap_3,time_gap_4,time_gap_5,avg,std
Linear,5446.090713663022,3732.5071937579132,1973.0951637257358,1563.5725783648966,1542.4045852226538,2851.534046946844,1706.7628383774022
ElasticNet,20.665782597423547,21.516826684981773,10.153441250669996,7.262121425188939,7.436963321135671,13.407027055879984,7.1141712243054105
KNN,597.3040827046018,539.0663853957674,385.94556375238204,365.32490626406974,423.43887495450537,462.2159626142653,101.07361270605824
XGB_GBT,3.486090031236418,2.841811746807441,1.7362649136746604,1.7342804529630451,1.9570942176291042,2.3511082724621337,0.7814616885433268
LGB_RF,3.395787183223822,3.6255024921097925,2.663282646990722,2.076533236905937,2.3661297285378953,2.825447057553634,0.6639876077263845
LGB_GOSS,6.801344120103961,3.6046016776793186,4.389168108122644,3.7001448789052893,2.9671012234395313,4.2924720016501485,1.490336719204373
ARIMA,639.129990436577,327.41430677757285,198.67055837241455,160.11019650992773,137.75957316546797,292.61692505239205,207.1514630721312
MLP_LSTM_V1,0.2029500277884826,0.6570196518144997,1.093045901326764,1.7053674279846558,0.22084165204997522,0.7758449321928755,0.6354103368535475
best_model,-116.38090315395719,-61.67998433112308,-75.10505857334138,-65.09495357360812,-50.7714231239083,-73.80646455118762,25.336851858369997
