,time_gap_1,time_gap_2,time_gap_3,time_gap_4,time_gap_5,avg,std
Linear,3629.4265591359645,3452.943460698954,2743.457255378901,2631.1319179235834,2207.576790206992,2932.907196668879,593.4308586205844
ElasticNet,16.746898271634894,16.335260460289867,12.495132422398694,12.1375332680715,9.943082563906474,13.531581397260288,2.9194947949977834
KNN,544.7420458303606,649.0028033995746,697.5806677494264,582.6943561082095,666.4255308228564,628.0890807820855,62.73666614937069
XGB_GBT,3.7024503123634553,4.4444789642659,3.866074798309204,2.386298446356642,3.2006396203084577,3.5199884283207323,0.7737873580734247
LGB_RF,2.96429184315244,3.130483111926321,2.391436980933291,1.8370095450689798,2.0986362508618583,2.4843715463885783,0.5532381401330513
LGB_GOSS,5.54360082451137,5.120782310212384,3.706655471803476,2.79064079013252,2.6757294626181047,3.967481771855571,1.3168012837365395
ARIMA,750.2946218714777,579.0427211781295,383.2479005043067,253.85210671309065,254.25774485314565,444.13901902403006,216.7383201016486
MLP_LSTM_V1,2.678845860404561,1.1853678130742225,1.1709416473243994,0.9639616763030108,1.2019458258711824,1.4402125645954753,0.6991514612611643
best_model,-93.96064410487584,-86.5130536409037,-62.622088625201364,-47.146479140062375,-45.20510978691177,-67.08947505959101,22.337978881006986
