,time_gap_1,time_gap_2,time_gap_3,time_gap_4,time_gap_5,avg,std,running_time
Linear,1.749015713656263,2.597893610064802,5.003609543366209,6.340319718379154,6.428706802376846,4.423909077568655,2.151585652926672,0.009920578002929687
ElasticNet,1.9777250108492135,1.8955458116604569,4.128892678982703,5.812571665699216,5.673567989694274,3.8976606313771724,1.9084559212118555,2.3289395236968997
KNN,3.9519978766699437,4.389752914325084,6.171026544039133,6.524992803244231,5.615759742431234,5.330705976141925,1.1180277299768813,0.04130762100219727
XGB_GBT,2.7024087161366506,3.337753784975116,5.5267042038520495,5.533142593565401,4.891813373506921,4.398364534407227,1.3043700308324364,10.235981721878051
LGB_RF,3.0292487345202717,2.8309765388189123,3.8899117571355237,5.017309252240325,4.390989068621185,3.831687070267243,0.9175017232052215,9.410636281967163
LGB_GOSS,0.7592560918496347,1.5212877012606605,1.2314815527684784,1.4794236602146331,1.8696316127666222,1.3722161237720059,0.411298000234206,17.111275253295897
ARIMA,2.4285714944854595,4.835904881476583,8.034501097335655,9.993584982818298,11.631205592133728,7.3847536096499455,3.752362534747579,0.06186789989471435
MLP_LSTM_V1,12.808799937242664,3.8874626257283342,2.2968264304356647,1.436232757227807,11.76298545433135,6.438461440993164,5.422517769594131,38.170240912437436
best_model,0.7592560918496347,1.5212877012606605,1.2314815527684784,1.436232757227807,1.8696316127666222,1.3635779431746406,0.4089302393610007,-1.0
