,time_gap_1,time_gap_2,time_gap_3,time_gap_4,time_gap_5,avg,std,running_time
Linear,2.488472690160704,2.6207718968458535,3.3243914356048068,3.4705817200839526,4.155648805034996,3.2119733095460625,0.6787878612798512,0.010634331703186038
ElasticNet,2.453368829669273,2.517712043489264,3.3222132743292625,3.4230394097390553,4.200578594776816,3.183382430400734,0.7223978178705741,2.338569107055664
KNN,4.535624017595231,3.7909220388844265,3.519967450061632,4.233694473910838,3.689199534308378,3.9538815029521013,0.41881182791626165,0.03959052085876465
XGB_GBT,2.434804369879559,2.0116057262273386,2.3275234496614687,3.8328639908263185,2.8322224131363964,2.6878039899462163,0.704108310895853,10.65530550956726
LGB_RF,3.4196041923392664,3.232755241109243,4.262704968459903,5.579411969568538,4.871387487560928,4.273172771807575,0.984286444697116,9.584837660789491
LGB_GOSS,0.9677438156112519,1.055906488113133,1.4968965936047702,2.0210703711918323,2.112161423374164,1.5307557383790305,0.529634705961716,16.894320449829102
ARIMA,2.032669376155929,2.663406402733364,4.075183637155533,6.203396035898558,6.193339713541459,4.233599033096969,1.940062850512659,0.062484908103942874
MLP_LSTM_V1,0.9642860206277661,2.305209732539459,2.3348422546587178,2.8576468346537625,2.2720355271242436,2.14680407392079,0.7035232767683471,35.07468611717225
best_model,0.9642860206277661,1.055906488113133,1.4968965936047702,2.0210703711918323,2.112161423374164,1.530064179382333,0.5305550894388606,-1.0
