metric,value
logloss,0.2808616142699534
roc_auc,0.9824328398926013
accuracy,0.9449311639549437
f1,0.9356814589309759
