,logloss,accuracy
fold_0,0.3272700309753418,0.9431818127632141
fold_1,0.5120760202407837,0.9295454621315002
fold_2,0.35778921842575073,0.9498860836029053
fold_3,0.44966769218444824,0.927107036113739
fold_4,0.5487319827079773,0.9179954528808594
average,0.43910698890686034,0.9335431694984436
std,0.0855262909388896,0.011481561344777505
