,logloss,accuracy
fold_0,0.6275871396064758,0.9353233575820923
fold_1,0.7493292689323425,0.9203979969024658
fold_2,0.33515170216560364,0.9351620674133301
fold_3,0.7022033333778381,0.9201995134353638
fold_4,1.121214509010315,0.8778054714202881
average,0.7070971906185151,0.917777681350708
std,0.252176900711316,0.02107404339062376
