,logloss,accuracy
fold_0,0.6016267538070679,0.9107611775398254
fold_1,0.38428807258605957,0.9107611775398254
fold_2,0.4785553514957428,0.913385808467865
fold_3,0.4719700515270233,0.9160104990005493
fold_4,0.48619744181632996,0.9238845109939575
average,0.4845275342464447,0.9149606347084045
std,0.06921896102372407,0.004868033313384949
