,logloss,accuracy
fold_0,0.423552006483078,0.9114583134651184
fold_1,0.43214917182922363,0.9192708134651184
fold_2,0.6877090334892273,0.90625
fold_3,0.796053946018219,0.9010416865348816
fold_4,0.5400649309158325,0.9270833134651184
average,0.5759058177471161,0.9130208253860473
std,0.14568965896908426,0.009258522662816604
