,logloss,accuracy
fold_0,0.42725133895874023,0.921875
fold_1,0.39511170983314514,0.9270833134651184
fold_2,0.771808922290802,0.9166666865348816
fold_3,0.5604104399681091,0.9166666865348816
fold_4,0.4023221433162689,0.9322916865348816
average,0.5113809108734131,0.9229166746139527
std,0.1433295298368308,0.006073903453497063
